Income,CreditScore,LoanAmount,EmploymentYears,Default
95841,317,114407,12,1
85863,484,344335,20,1
86480,507,125532,7,1
23964,621,242477,11,1
96968,547,322038,4,1
78856,848,78818,27,1
57104,401,68044,7,1
103764,661,109970,12,1
60666,555,107924,1,1
111767,574,41514,15,0
79241,450,94769,12,1
16646,616,334511,6,1
40023,555,338461,18,1
53316,554,29734,15,0
64981,758,241556,20,1
30613,817,25515,1,0
106901,835,144955,6,1
31118,624,184609,29,1
29458,517,233527,21,1
115656,839,241985,2,1
18310,711,330364,25,1
118398,807,490940,4,1
58604,847,148236,2,1
96211,717,348752,1,1
54572,614,207764,10,1
108047,644,338535,29,1
22884,582,482400,0,1
24400,750,181740,25,1
40062,368,301204,13,1
28766,350,250465,1,1
92874,702,226476,23,1
49540,709,23232,9,0
66682,668,163523,21,1
55245,322,73898,7,1
65949,614,230345,24,1
46824,485,317675,16,1
72338,598,237333,11,1
87995,741,78697,4,1
25608,699,278379,6,1
74640,815,172868,5,1
95347,448,193171,17,1
40505,640,167470,4,1
23972,615,262925,27,1
99208,552,430584,11,1
86951,617,235397,5,1
18974,626,271750,3,1
47212,365,238438,12,1
44530,783,202133,25,1
28340,538,304410,5,1
71173,446,268830,0,1
24349,579,166291,17,1
118749,461,206377,29,1
109443,710,250586,2,1
26193,739,216027,20,1
88334,566,404698,21,1
35868,574,236810,8,1
96740,379,270535,7,1
53174,699,425855,15,1
35254,355,456105,1,1
71268,513,225226,2,1
90494,548,271532,22,1
81976,631,343212,6,1
116114,803,391829,15,1
41330,777,361446,0,1
78648,560,337317,14,1
32520,728,31306,11,0
46807,326,33035,7,0
101425,625,5488,17,0
67546,353,212041,9,1
64273,626,155385,21,1
62687,845,12138,24,0
58041,705,496795,28,1
15008,844,377018,23,1
26834,679,108752,5,1
71754,714,485092,8,1
115967,718,386603,24,1
93814,786,42590,9,0
105904,364,275173,24,1
98225,445,220930,7,1
50454,688,39814,23,0
75480,587,393152,6,1
44916,540,275630,22,1
71526,813,485842,29,1
83911,452,266652,27,1
50751,404,72628,21,1
84637,405,266169,5,1
35139,506,72120,9,1
104618,740,129238,0,1
47039,535,498945,22,1
62861,461,170463,0,1
96662,309,269569,26,1
30712,548,173785,10,1
32028,370,380863,11,1
45370,631,289744,25,1
91850,719,346093,18,1
72184,709,401828,23,1
77265,741,141837,20,1
73875,682,278527,10,1
95753,479,391225,19,1
32635,565,425528,28,1
73881,773,345347,23,1
66507,693,367738,1,1
25241,748,498182,21,1
78003,362,462550,13,1
102201,327,183208,13,1
32142,549,175228,21,1
61624,351,464288,7,1
69047,451,15454,6,0
30042,391,141555,12,1
75746,840,237365,19,1
55669,475,403504,29,1
62449,842,341278,28,1
28649,416,213876,0,1
83094,523,417504,5,1
80603,607,14360,11,0
42137,487,440189,21,1
48345,614,371642,10,1
86887,739,102991,23,1
105161,615,73311,29,0
76985,614,497438,20,1
111523,507,443370,25,1
114533,549,95638,18,1
19342,807,369761,27,1
52621,587,153106,1,1
61263,321,470182,10,1
48509,768,76775,6,1
56430,638,470378,25,1
41749,688,190014,15,1
34537,824,448827,26,1
98913,495,219788,22,1
16309,528,226512,1,1
23299,625,57550,22,1
66697,412,189067,9,1
108052,803,415449,23,1
24731,534,330064,7,1
85694,575,82690,18,1
81908,584,76500,0,1
31792,823,486867,24,1
46017,782,312137,19,1
28532,430,100476,21,1
86147,793,401745,18,1
55125,710,423137,29,1
67461,527,112552,22,1
115121,390,470132,9,1
20240,425,411783,29,1
119867,579,280118,19,1
73378,418,414643,5,1
103393,572,450885,6,1
27868,425,359694,29,1
104628,720,89358,23,1
31528,593,98252,21,1
29882,644,322040,22,1
83649,306,255491,0,1
48792,578,223535,22,1
85840,315,107965,16,1
70966,609,113221,14,1
83558,745,370637,18,1
114329,367,482033,6,1
29670,839,317102,28,1
17753,754,8442,15,0
97980,530,182928,17,1
48398,574,218604,29,1
92562,647,176060,25,1
83472,347,465123,21,1
78421,805,463311,26,1
57677,491,402850,1,1
90648,755,403223,13,1
17307,618,275272,23,1
90253,475,65687,16,0
61343,354,135779,27,1
50488,667,496365,23,1
94192,395,113544,4,1
109389,531,323456,14,1
44027,641,298700,23,1
65270,344,453426,25,1
86532,741,148232,2,1
90274,745,46530,22,0
52341,320,89235,19,1
91075,328,301778,9,1
81471,326,402419,22,1
90102,533,249865,18,1
15869,808,331375,0,1
26148,670,130389,3,1
82308,408,112058,1,1
20411,637,399762,12,1
111482,593,45645,0,0
50026,415,45802,11,1
87794,412,281457,17,1
72119,764,158899,21,1
95176,335,490153,16,1
101991,724,188712,16,1
39281,713,111558,7,1
41738,736,180158,24,1
85518,380,200995,14,1
116094,691,438622,11,1
65819,446,426362,25,1
57924,478,200476,8,1
86525,606,6668,11,0
60889,704,436499,20,1
47581,428,333179,7,1
21966,603,245269,0,1
39778,531,311736,0,1
113542,795,403494,1,1
96508,728,23479,22,0
93614,643,159456,5,1
110877,594,158114,2,1
101923,432,264513,10,1
81019,427,345067,26,1
99322,750,198739,1,1
78655,462,387846,29,1
109208,650,280962,2,1
17298,522,226244,4,1
22365,305,186728,2,1
101628,394,106196,16,1
48067,501,9264,5,0
63321,750,281762,27,1
63469,811,266158,5,1
49512,549,59450,25,1
54405,690,431076,21,1
81127,707,247595,11,1
69679,785,402301,11,1
52378,367,223006,23,1
78439,828,461761,20,1
106723,750,413109,2,1
91795,725,302427,12,1
87476,458,151582,2,1
47689,447,268736,8,1
114923,826,305724,5,1
19050,823,258998,29,1
107525,526,130165,25,1
21999,733,292193,13,1
111114,648,459900,12,1
48242,577,489178,17,1
91368,430,113727,29,1
91277,438,392438,7,1
33299,775,198375,22,1
78566,319,457824,7,1
30879,734,256511,9,1
79737,391,381721,4,1
80453,709,283092,24,1
65665,650,184178,22,1
71970,763,295070,14,1
51455,716,16842,9,0
113676,818,203253,1,1
17198,623,323298,5,1
55977,756,204152,26,1
87961,335,108768,0,1
109405,520,470143,5,1
93038,575,469036,15,1
32429,425,297079,17,1
21730,606,472751,9,1
92195,464,320718,13,1
41127,484,319086,4,1
68709,448,287342,21,1
41083,577,417669,2,1
86379,562,178338,3,1
48772,446,391824,26,1
84237,423,142792,15,1
99459,421,126085,13,1
58303,720,115309,23,1
95969,786,198454,4,1
52241,306,263848,1,1
114779,447,236925,16,1
64091,523,442469,28,1
103009,536,471528,7,1
83670,349,52886,10,0
57265,351,11651,17,0
24782,658,122958,8,1
27344,740,499669,6,1
15613,351,442226,26,1
63026,636,478666,13,1
45658,672,348587,26,1
42480,789,455815,19,1
97123,627,303114,10,1
106221,595,371089,12,1
24886,700,59521,21,1
66019,841,165532,25,1
63694,663,6847,17,0
35591,596,41214,6,1
102670,480,487635,20,1
95632,823,395489,26,1
37438,589,7240,9,0
78265,601,217343,8,1
64378,657,234030,22,1
24291,450,228547,29,1
87833,835,9118,26,0
99664,805,101958,14,1
63493,744,486308,4,1
80863,445,498984,29,1
89978,471,52570,23,0
73343,539,158997,28,1
73317,396,170767,10,1
101236,404,191304,18,1
85659,543,492796,5,1
70274,610,181964,15,1
89168,507,377347,10,1
100967,789,15169,3,0
26941,508,469864,11,1
44308,306,129690,0,1
66004,400,203084,6,1
50715,550,336304,5,1
17169,312,43457,15,1
38452,605,204434,0,1
55009,425,450486,5,1
110663,301,361236,1,1
87849,560,404719,19,1
79940,634,484230,29,1
71518,798,419741,23,1
64409,393,446853,7,1
109197,714,465625,4,1
80566,794,453251,2,1
46014,772,294274,7,1
58347,419,255466,28,1
76270,429,68018,1,1
52473,440,293186,12,1
26057,791,407596,15,1
61998,561,283189,22,1
75774,751,279271,10,1
47199,531,59628,8,1
54442,843,242986,20,1
101588,649,326395,15,1
66385,460,52910,6,1
80309,441,135225,13,1
64247,738,257632,7,1
84609,446,458158,26,1
97842,502,446253,6,1
116873,744,169068,11,1
118445,608,435149,9,1
101252,728,213977,25,1
27602,640,358236,9,1
33159,652,180085,23,1
20271,544,216811,4,1
113101,827,483513,13,1
45754,718,92720,22,1
93355,329,236065,14,1
29924,684,411581,8,1
101359,498,394959,25,1
82024,656,410270,0,1
17209,364,369996,11,1
93880,390,245775,12,1
99367,736,114328,13,1
36809,495,491689,27,1
23546,446,377829,22,1
105476,843,459984,13,1
63539,416,414034,8,1
56594,375,180108,0,1
64315,829,71984,2,1
47605,399,95170,11,1
88379,492,58013,0,1
79900,516,320380,24,1
70178,846,188834,4,1
94768,495,114153,26,1
73085,331,69478,14,1
31408,408,290406,14,1
62672,792,164519,14,1
27162,791,173846,17,1
50590,836,393284,20,1
82449,797,424683,6,1
66305,365,358257,7,1
107597,520,275331,23,1
38384,667,497932,1,1
27095,459,94150,0,1
72937,373,316864,0,1
54642,409,16341,21,0
16372,667,307784,2,1
96196,351,408160,8,1
105877,743,308936,0,1
77962,457,213344,27,1
97683,441,99859,25,1
18908,426,288042,27,1
49162,407,80847,28,1
119598,587,312246,29,1
38175,723,253199,8,1
27831,459,390320,25,1
119030,440,99870,16,1
94536,829,320041,15,1
89669,705,224243,17,1
95884,839,177996,14,1
43900,627,402557,12,1
32799,686,142526,6,1
24566,818,117064,13,1
15472,807,103376,11,1
42869,645,108534,28,1
54385,312,237507,29,1
43752,774,168398,11,1
46975,765,439904,18,1
100906,694,338366,19,1
61732,403,6841,27,0
108464,413,285968,15,1
102911,741,348392,13,1
37576,819,44084,28,0
22837,459,76368,9,1
36227,679,63949,19,1
96546,576,221402,21,1
73625,375,283735,22,1
49193,499,481184,23,1
54867,377,135461,28,1
32148,433,261522,11,1
15604,514,136080,8,1
46961,325,85660,9,1
53133,772,382754,29,1
32702,614,41851,12,1
88322,354,272056,3,1
16437,424,443263,26,1
19384,300,17363,10,1
96086,366,61409,29,0
32530,405,116323,5,1
73759,307,33363,6,0
76617,493,382907,12,1
92184,512,60478,8,0
18260,436,80052,22,1
48878,840,332276,11,1
99042,612,105533,20,1
100836,791,366623,4,1
94609,620,116741,27,1
54325,307,482537,12,1
105104,404,298343,9,1
81414,661,381616,6,1
88595,636,47275,17,0
79413,384,477839,29,1
92125,377,174735,4,1
105171,464,81789,6,1
108283,302,149238,28,1
90415,639,224871,29,1
22662,569,15357,11,0
39719,465,443940,14,1
49442,359,257597,0,1
65772,410,417403,0,1
19829,501,485708,18,1
68765,813,33706,15,0
18767,746,120116,3,1
45030,423,108220,23,1
48107,448,374064,20,1
96792,696,202862,25,1
67085,705,286355,6,1
45179,303,436514,13,1
76082,410,251101,7,1
25476,463,123713,7,1
101490,723,360506,1,1
25106,645,482893,15,1
78020,535,465865,1,1
18408,657,223631,16,1
19640,564,178298,21,1
92269,512,227444,5,1
43864,490,478540,25,1
52153,782,243556,16,1
79468,835,292993,14,1
82951,482,192200,21,1
28826,400,250697,18,1
21863,493,445147,16,1
60505,500,424967,26,1
110595,610,107469,11,1
54830,834,342986,21,1
22555,578,411602,9,1
34712,333,113629,4,1
63608,482,470260,3,1
16048,670,429967,0,1
98430,347,440647,2,1
87516,760,177477,12,1
68867,369,239289,14,1
82013,640,158315,14,1
91702,585,441974,4,1
110829,333,246453,18,1
23256,729,127850,16,1
87326,643,421131,25,1
100167,829,19043,25,0
23333,581,375086,8,1
58642,540,204465,19,1
106290,388,68458,4,0
95590,639,180174,13,1
28577,426,59828,24,1
75500,840,444467,20,1
82119,387,82687,14,1
30618,436,328485,10,1
38055,625,13234,4,0
66763,493,445000,8,1
44355,451,95619,15,1
73449,689,178877,1,1
111809,805,280009,9,1
46277,673,140024,19,1
117373,759,479374,1,1
23778,729,137216,3,1
85271,826,437068,15,1
46689,456,308713,23,1
96410,826,122322,25,1
61756,683,145242,6,1
19211,837,422697,22,1
103104,526,15341,15,0
80787,666,314290,29,1
47003,566,135187,28,1
102704,506,453911,9,1
44839,566,328590,23,1
88173,437,130398,11,1
100013,668,451481,15,1
111876,414,335317,27,1
49874,354,476383,16,1
108746,683,471151,11,1
96033,806,464172,10,1
99741,378,313607,6,1
61870,589,338109,3,1
45493,532,434116,23,1
117889,356,452932,16,1
82805,561,209195,17,1
18788,525,307736,16,1
46498,759,219332,27,1
100826,736,276285,10,1
34332,550,178176,21,1
84730,639,358096,18,1
26033,418,239565,27,1
50078,794,362373,19,1
55252,762,302087,15,1
76173,462,27341,16,0
116369,641,214699,7,1
90239,669,424925,3,1
114427,832,415656,10,1
84032,413,278271,4,1
60214,557,330205,0,1
88869,800,135021,28,1
112840,807,324140,5,1
21885,742,396421,9,1
64483,590,274335,2,1
111559,590,125249,1,1
30467,589,392847,5,1
113040,831,292281,3,1
35782,423,151346,29,1
67850,701,135095,20,1
84179,528,184555,21,1
94831,694,79276,15,1
58229,446,42297,10,0
25566,815,350766,13,1
30802,717,441601,11,1
15496,385,102867,7,1
119677,828,222528,21,1
19946,838,397441,29,1
56503,776,457760,21,1
16053,426,378530,27,1
39645,387,324918,18,1
64966,314,245168,6,1
110137,517,431208,17,1
52041,676,454550,21,1
44794,671,481042,28,1
95930,368,83383,26,1
32324,477,112904,15,1
83872,385,73488,13,1
107772,372,406435,22,1
84065,551,187880,16,1
100714,776,150489,2,1
67669,810,432458,28,1
51281,627,276152,2,1
60743,692,89170,25,1
86091,729,405880,17,1
16129,828,493481,20,1
43108,742,498133,21,1
98400,536,248874,23,1
101069,614,321100,16,1
86771,793,399886,29,1
73376,535,106052,13,1
56780,409,226224,16,1
74124,557,411556,9,1
73121,594,449249,18,1
40631,460,288305,0,1
30749,720,45641,20,1
46764,386,110792,1,1
30966,703,379099,17,1
85246,643,298501,19,1
39004,445,375491,23,1
93497,329,146143,19,1
41977,658,419514,23,1
60961,797,89625,23,1
102414,454,258931,12,1
37332,424,452461,1,1
28533,833,200662,10,1
37942,424,284211,26,1
100865,416,180549,29,1
43170,453,137437,2,1
116370,596,461868,1,1
105751,324,91142,12,1
79944,474,477786,22,1
87533,826,361553,8,1
52163,586,58526,15,1
102195,658,288958,24,1
73149,824,199854,0,1
114737,417,42644,4,0
59011,763,239056,3,1
107277,420,43356,14,0
41710,571,441247,26,1
54861,802,289065,22,1
85365,475,454095,6,1
31929,771,401164,12,1
70080,389,472356,22,1
106892,488,490614,21,1
66029,469,114008,5,1
56745,731,294131,18,1
65300,677,410409,12,1
46215,795,269955,6,1
28910,551,279191,22,1
56486,710,485821,25,1
65851,571,461440,18,1
37372,384,343737,20,1
51083,581,480725,22,1
83284,477,441392,13,1
86390,520,48189,1,0
83428,621,429857,27,1
100151,345,114050,12,1
96175,640,252589,9,1
115905,381,5314,17,0
19741,783,260131,16,1
29371,807,306312,28,1
69703,684,455443,8,1
41013,818,274453,28,1
100718,508,456771,20,1
19892,669,29173,3,1
66019,551,50614,25,0
74424,579,218861,2,1
71735,495,139448,2,1
92273,422,61617,29,0
81283,696,234247,5,1
97209,708,33211,15,0
109235,797,209926,2,1
57873,474,200844,12,1
51054,515,458132,0,1
63195,318,328357,14,1
115973,828,196580,3,1
61559,597,307064,27,1
41481,606,458420,14,1
38007,529,439073,21,1
56308,685,89382,29,1
111649,547,227508,5,1
94466,324,264733,26,1
112615,313,306880,10,1
37747,517,432163,18,1
25868,514,427628,22,1
90673,408,127308,7,1
45248,694,317237,12,1
104835,476,117454,4,1
23770,668,419512,16,1
60808,829,290622,4,1
53825,400,207529,13,1
50999,391,371123,10,1
53150,722,350549,25,1
16106,560,131406,15,1
87445,362,231720,1,1
114097,569,207020,20,1
74275,367,488251,29,1
55883,457,299595,10,1
55025,416,257496,29,1
98250,705,69837,14,0
115204,752,239179,7,1
71589,503,190948,27,1
22231,564,356510,9,1
35118,467,278836,7,1
86374,537,292888,24,1
54843,417,160905,28,1
20675,764,436150,27,1
85396,375,246781,13,1
42959,484,263873,11,1
103449,473,483790,25,1
57736,468,293965,27,1
33637,729,236305,20,1
20621,688,15416,26,0
86597,623,168968,15,1
80727,602,368081,9,1
75352,546,24932,12,0
27442,490,378894,1,1
39744,757,50701,15,1
37264,340,411607,23,1
30029,699,126439,24,1
79402,376,164237,28,1
50920,572,296379,19,1
71119,835,416351,26,1
80762,741,26907,22,0
27496,604,130338,14,1
92956,312,212653,14,1
56043,712,88382,25,1
119349,680,199204,17,1
51116,504,423073,18,1
69839,483,229514,7,1
59712,325,417566,9,1
16894,840,432930,8,1
91021,823,30818,19,0
49467,431,99055,3,1
110783,682,401329,22,1
104580,725,425488,20,1
92792,335,87089,10,1
50565,468,417836,20,1
41130,497,464664,19,1
119997,754,456593,23,1
76702,771,329978,6,1
76186,556,457052,28,1
67339,829,364527,28,1
26347,300,419806,26,1
56394,435,270598,4,1
41911,643,98582,0,1
24774,491,389427,17,1
59194,342,424752,19,1
98676,461,116163,3,1
60532,476,271912,2,1
20516,560,393522,26,1
107557,521,192486,14,1
33575,704,341804,15,1
92999,552,349675,24,1
87463,740,352230,0,1
111912,724,28690,6,0
109811,421,103969,27,1
40100,584,215002,12,1
91712,456,22050,19,0
33337,444,415425,10,1
64533,340,318832,2,1
81877,814,60393,4,0
112805,537,125688,25,1
62106,451,436499,22,1
34976,564,395670,19,1
103983,622,169818,20,1
107385,471,459593,10,1
23882,779,342672,17,1
87649,594,77734,7,1
103403,635,491163,29,1
91896,425,319056,7,1
113539,540,36979,22,0
48910,502,160522,4,1
85528,316,224757,11,1
23637,354,279441,28,1
90946,605,353264,0,1
95452,438,175771,6,1
36516,588,371128,12,1
89952,377,136861,19,1
68902,516,324697,27,1
118597,782,480849,20,1
41736,706,290702,19,1
98821,443,293249,24,1
70737,548,138421,9,1
30188,510,392751,18,1
44011,511,435276,0,1
38828,686,467865,1,1
78648,566,28115,4,0
42519,477,170612,1,1
97726,778,253767,29,1
111086,579,374170,9,1
17080,664,149672,25,1
80706,641,347997,8,1
26274,710,419303,12,1
83184,704,17321,10,0
105096,498,188340,6,1
78035,512,448159,3,1
88646,417,458765,16,1
52153,410,341685,6,1
76625,636,407242,5,1
18155,410,439480,5,1
82129,566,340809,2,1
45871,310,480346,26,1
105213,501,414402,18,1
25732,375,160083,15,1
45703,528,231272,5,1
101116,703,61494,23,0
68697,525,316580,26,1
19577,339,97700,9,1
19786,600,165051,9,1
59238,753,49117,25,0
76594,639,175041,16,1
25378,420,92971,23,1
53460,816,136343,24,1
106400,597,15697,1,0
49844,778,403238,2,1
79432,618,468311,15,1
97664,721,266309,21,1
91019,718,342908,8,1
24612,303,74072,26,1
58476,380,414266,11,1
17001,834,140331,8,1
21024,692,214068,6,1
24837,628,110821,2,1
114484,821,187204,22,1
32419,498,405417,14,1
66079,764,166985,29,1
33152,670,392877,13,1
100250,789,60226,3,0
35994,581,217187,4,1
18480,318,211241,6,1
83808,504,116932,13,1
47190,789,38221,11,0
95304,744,57328,5,0
38975,408,5412,27,0
79319,391,199125,25,1
81388,722,70893,13,1
15247,458,321856,23,1
89709,659,409621,6,1
70396,428,5304,22,0
68898,478,188471,22,1
29794,776,54517,8,1
20032,634,212710,26,1
97636,782,85748,20,1
88188,636,215244,15,1
110306,625,386651,21,1
90081,646,292920,4,1
86837,302,238225,0,1
115873,674,341955,28,1
56057,319,326870,20,1
110845,569,18046,12,0
87993,565,434380,21,1
102937,841,89063,3,1
36452,424,14896,20,0
113543,477,476869,11,1
56638,794,249347,6,1
74453,397,484364,29,1
101935,586,46572,13,0
88906,528,126300,0,1
21148,332,469673,6,1
55932,740,170488,27,1
59268,320,395509,10,1
97587,794,354924,26,1
82923,691,93891,15,1
26268,552,485995,13,1
58146,612,467049,15,1
44816,428,319342,14,1
47875,494,32744,25,0
117689,782,155421,14,1
82042,418,412089,5,1
75644,351,128485,1,1
21926,309,461760,24,1
68692,831,93980,26,1
38481,738,192982,11,1
84353,818,38989,19,0
45445,752,405958,6,1
22427,811,89677,3,1
84007,405,341520,5,1
18918,377,51669,21,1
71191,581,488099,25,1
35986,549,282682,2,1
81619,559,73263,24,1
23473,392,229619,3,1
112384,735,272926,5,1
41253,770,113188,13,1
30123,432,69811,11,1
21328,309,91407,4,1
96082,774,272954,24,1
76766,601,399632,3,1
95374,800,324532,3,1
32169,465,131406,27,1
118730,731,491675,23,1
24843,459,26380,21,0
48794,676,62614,1,1
68353,410,80719,7,1
20916,341,446610,14,1
36875,315,382789,7,1
91286,659,203646,22,1
25592,701,171020,6,1
35086,703,495621,1,1
111473,587,210109,16,1
54899,538,11124,24,0
119795,632,358472,28,1
47241,656,322085,2,1
45642,825,421295,26,1
43897,453,438974,15,1
21108,336,95963,11,1
46130,553,369120,5,1
104179,615,465401,6,1
72496,843,410996,28,1
67344,635,436913,21,1
76351,637,88460,3,1
15980,333,107110,15,1
91876,443,487013,15,1
72765,460,152164,18,1
48854,322,196400,29,1
20975,640,264694,2,1
53726,507,444950,9,1
94501,388,253550,21,1
16593,756,260344,22,1
75969,609,94039,25,1
41814,499,56985,7,1
104386,839,239155,29,1
34981,601,270287,24,1
55070,705,422543,0,1
19204,391,372017,0,1
56773,689,31398,26,0
61409,758,441939,17,1
113823,670,358407,5,1
24544,715,329583,1,1
48270,695,113175,6,1
16868,420,444454,21,1
49620,713,142092,15,1
114829,739,457523,14,1
54359,326,182118,25,1
64172,552,230043,23,1
115991,428,185270,16,1
116179,638,242917,4,1
21352,635,471637,13,1
78903,625,348084,22,1
86988,654,439392,7,1
52767,532,117321,18,1
76629,367,275417,28,1
95403,533,278217,11,1
77729,826,58496,12,0
22484,553,263868,25,1
82978,626,292177,21,1
77230,362,84744,14,1
111670,311,433872,14,1
62969,421,364491,4,1
98917,587,20062,11,0
50633,791,234709,15,1
66645,482,155320,23,1
102604,450,472790,18,1
94724,344,243766,4,1
110571,449,22026,2,0
22573,616,476968,3,1
42728,641,92470,3,1
110238,551,135657,6,1
56697,722,419785,2,1
104886,436,198476,16,1
23251,529,44050,2,1
93810,639,62557,11,0
74019,393,64422,4,1
96693,706,245886,5,1
112940,731,205683,29,1
79307,665,441791,20,1
23569,469,276890,16,1
47473,340,263256,29,1
40311,753,119889,19,1
50155,719,362955,12,1
104999,431,471440,26,1
101221,441,122235,13,1
35264,674,286809,14,1
59965,369,441473,1,1
53440,591,141181,24,1
80874,548,305363,29,1
115559,679,75064,8,0
43703,792,253806,0,1
99016,504,344415,25,1
50077,629,137837,10,1
106014,647,381626,19,1
79094,738,136358,13,1
50513,738,388028,11,1
33879,446,108656,27,1
102066,511,257463,9,1
88775,313,69447,1,1
98005,629,15600,20,0
30481,467,40897,5,1
61511,847,188278,10,1
80742,359,110426,15,1
104811,444,485638,23,1
30412,665,324173,28,1
105912,457,439088,20,1
38347,550,384208,10,1
87899,560,491375,1,1
22611,834,176191,22,1
90496,346,20697,23,0
113387,819,413278,25,1
72597,534,130149,7,1
90583,519,430939,20,1
19282,843,293125,6,1
85361,729,379146,1,1
44831,585,289939,15,1
110325,363,322916,9,1
119370,306,60996,26,0
67681,661,38705,22,0
27617,807,238740,21,1
88985,760,113036,21,1
21105,818,455287,13,1
19659,652,154621,7,1
105529,382,406175,24,1
67416,551,307585,14,1
102294,570,49693,9,0
89636,783,301984,20,1
37351,760,335308,10,1
57866,658,464826,27,1
38351,809,183999,27,1
75507,332,166648,5,1
30371,802,28298,10,0
115260,366,295729,23,1
73468,659,442719,16,1
43810,343,169014,5,1
89682,493,164411,16,1
109888,602,484192,0,1
76689,690,84090,28,1
62580,566,476921,22,1
112592,306,323978,8,1
85964,402,498100,23,1
117333,502,127815,26,1
88624,631,348429,6,1
105526,737,220579,19,1
96288,806,277152,9,1
48394,463,182002,24,1
25050,718,143453,14,1
115180,844,314810,0,1
39161,508,284665,5,1
62438,798,384484,29,1
43439,546,492921,0,1
40471,817,252492,5,1
26216,425,459912,25,1
102348,482,205290,29,1
18748,705,77953,13,1
34539,698,215050,23,1
108403,320,76578,22,0
78393,436,315249,21,1
99107,411,435236,10,1
101696,703,38746,4,0
92817,590,190934,2,1
23728,612,459643,7,1
41470,549,308989,27,1
39074,476,217315,8,1
24884,383,219032,16,1
29248,401,63878,12,1
52736,685,388672,21,1
70224,452,136013,13,1
93897,716,44278,5,0
44235,544,296044,29,1
70079,580,302727,20,1
64331,563,128905,28,1
91367,759,218948,0,1
78999,348,52206,12,0
89108,511,425912,19,1
43992,444,448643,2,1
20554,627,191683,21,1
65071,380,305785,21,1
31125,523,218553,29,1
96059,691,201039,25,1
42052,596,113797,4,1
64804,616,25279,27,0
17971,654,279045,28,1
57987,580,126181,7,1
92841,427,167706,15,1
97269,507,103417,17,1
26604,644,337627,24,1
85360,339,119681,23,1
113262,745,100196,22,1
24991,836,181166,23,1
28429,649,306353,2,1
95296,667,256062,9,1
97643,537,363301,17,1
70874,402,145863,25,1
53619,746,187783,10,1
53385,676,45772,6,0
65113,772,298298,23,1
40622,322,79830,0,1
64581,502,152542,12,1
17559,827,192083,23,1
48719,411,198208,25,1
108639,757,317960,12,1
85408,718,332186,17,1
96018,371,57289,14,0
80067,748,268391,3,1
112023,653,187621,14,1
49341,623,384807,25,1
25406,564,389071,20,1
91024,747,88682,12,1
116175,578,93731,9,1
71698,389,448803,23,1
92985,358,486241,9,1
35458,649,13783,19,0
82719,583,5082,5,0
30246,465,125038,11,1
50766,608,179644,26,1
27861,359,16779,25,0
101251,476,89149,19,1
44261,335,84113,20,1
61775,794,234462,3,1
70744,398,166332,17,1
41509,698,23090,20,0
94783,844,271598,3,1
29444,696,379534,8,1
95585,639,395125,1,1
116197,652,483747,27,1
71752,411,190292,23,1
22125,379,359579,9,1
55611,822,468413,11,1
54358,664,93359,25,1
88758,388,375801,15,1
21155,484,303230,26,1
78721,344,105641,25,1
84930,502,50124,3,0
56215,568,116643,14,1
27224,396,173363,23,1
77882,422,103627,3,1
71733,755,49067,20,0
103646,327,314175,4,1
102215,821,100781,21,1
73225,761,191298,16,1
60197,796,237026,12,1
109848,739,207200,4,1
41702,638,175442,14,1
38910,601,51158,16,1
62702,301,274505,10,1
38815,772,476763,28,1
98273,616,202125,2,1
61815,603,5433,25,0
67804,771,482739,22,1
64597,524,179076,12,1
39226,797,109108,23,1
19254,815,110692,16,1
99474,448,85270,28,1
98290,789,24955,23,0
48908,320,64046,26,1
109546,679,302631,1,1
81218,655,314854,13,1
90901,612,257962,6,1
38773,624,328761,1,1
86464,788,290885,20,1
34825,768,112988,8,1
54306,847,146048,7,1
92972,663,437384,6,1
68950,378,403064,10,1
89511,417,338079,11,1
51609,317,374165,18,1
60232,334,83444,17,1
79673,489,87053,18,1
20582,463,171024,8,1
68964,468,353551,5,1
67157,326,489947,20,1
70613,563,223601,18,1
30765,596,369270,2,1
104578,474,374582,10,1
55610,313,112668,27,1
40086,359,384001,12,1
118886,457,468178,9,1
80967,358,72468,12,1
83389,348,83996,19,1
82049,846,260264,26,1
51964,565,140681,12,1
105306,777,307060,11,1
75620,542,318499,9,1
99447,333,416349,18,1
35989,636,199383,2,1
39361,806,187305,18,1
20755,377,407236,29,1
46662,804,83291,25,1
52071,831,162089,16,1
51162,300,140525,0,1
111684,625,446148,10,1
75513,583,80116,6,1
70064,390,378636,22,1
74618,754,204245,11,1
56038,599,354846,9,1
72116,646,404809,19,1
31098,435,397052,17,1
118152,437,253586,1,1
53701,356,217386,10,1
82434,417,480790,17,1
39866,500,459631,25,1
69937,531,9786,2,0
41757,637,68991,20,1
62159,655,11415,16,0
88229,794,251961,5,1
41578,828,249348,3,1
73609,385,126284,9,1
54225,781,128454,14,1
50550,464,167846,12,1
48646,807,134661,18,1
40039,631,269040,19,1
75529,644,496171,21,1
36465,332,165052,11,1
42219,344,498715,7,1
26597,602,417737,7,1
26848,315,55132,9,1
35333,788,236044,3,1
112031,391,63243,14,0
110249,691,451056,9,1
81997,538,434852,20,1
52742,378,262780,27,1
63234,391,143965,14,1
40079,322,87505,0,1
114478,448,44841,0,0
36308,667,339892,17,1
30690,468,144852,4,1
107994,541,479676,14,1
73949,416,494774,24,1
87901,434,456300,2,1
87259,794,210334,28,1
109984,456,313067,21,1
82536,548,103235,22,1
104281,705,227084,22,1
40329,611,409438,12,1
60699,370,201186,3,1
111618,504,231145,8,1
61527,457,376745,5,1
28572,737,385092,9,1
33498,429,94557,24,1
93007,450,378416,10,1
35031,627,439876,23,1
119779,703,285142,25,1
59051,701,226997,3,1
118846,307,479488,0,1
51197,616,122363,17,1
103086,820,90661,2,1
112763,771,456002,2,1
78590,326,284113,6,1
76941,790,349200,19,1
94651,592,317995,14,1
95970,565,444994,13,1
117757,364,368979,11,1
118509,624,32259,17,0
22358,504,481177,2,1
60468,608,199938,29,1
102457,723,142544,17,1
23974,509,443813,16,1
110377,455,469988,28,1
28613,785,375954,23,1
83763,305,415303,0,1
18957,765,370600,24,1
32369,800,90313,22,1
37289,349,411645,23,1
89757,819,227293,16,1
79914,561,492143,16,1
95817,786,186281,24,1
113119,520,38092,3,0
61224,660,245118,8,1
89593,702,97512,20,1
70031,561,239585,27,1
45478,445,482996,15,1
73753,408,194947,2,1
118800,464,92965,5,1
66202,622,61339,26,1
76089,704,237162,1,1
56725,776,37971,21,0
100717,617,17691,16,0
104705,668,69097,10,0
73817,651,28976,2,0
105823,574,154770,21,1
27868,314,463580,29,1
89516,440,186620,1,1
69934,791,232810,4,1
110632,456,23984,11,0
60664,530,362636,19,1
82707,757,108584,12,1
112732,535,238891,15,1
38386,436,58749,16,1
107722,720,168896,5,1
34359,508,27615,5,0
93791,644,276228,10,1
29033,349,149298,19,1
112209,669,343830,11,1
50050,583,497969,3,1
52170,532,187465,13,1
28526,433,67928,21,1
86694,790,361494,2,1
82417,794,191695,27,1
81841,848,386616,29,1
25769,702,146392,9,1
40831,365,286250,17,1
111916,429,28264,16,0
111003,839,47223,24,0
112391,436,304731,10,1
18059,478,325424,14,1
109036,536,71632,14,0
38900,839,499289,7,1
44710,545,419217,8,1
28533,597,483993,6,1
111684,509,296148,28,1
26918,536,136347,25,1
44982,835,166466,14,1
87250,822,173988,10,1
49937,484,459874,18,1
111597,647,355886,8,1
56303,792,237221,15,1
45116,614,420105,15,1
42018,467,219689,11,1
99459,814,275458,4,1
29565,676,361642,5,1
107167,518,281898,23,1
71010,310,217561,20,1
15526,564,35517,18,1
25561,445,429338,9,1
98573,835,66231,29,0
58247,847,299261,13,1
78411,321,233030,12,1
23377,386,345357,25,1
40011,671,283772,2,1
46644,388,15080,18,0
46931,306,458164,25,1
64741,572,171153,22,1
76143,634,78594,9,1
83775,794,31051,3,0
81772,780,235603,29,1
38702,502,471861,0,1
66869,614,19783,15,0
98932,622,112136,24,1
92480,651,28570,5,0
23198,458,127255,11,1
15588,684,45128,19,1
21752,664,189807,28,1
106959,693,243348,4,1
71161,805,85150,27,1
88779,840,140665,25,1
82654,330,40211,16,0
102131,801,393129,23,1
21922,369,111409,2,1
81105,450,443451,8,1
98110,727,269587,16,1
64273,380,363531,1,1
17225,416,445627,11,1
79255,387,165084,29,1
103718,803,277876,23,1
57441,563,90479,17,1
37912,442,197289,27,1
35345,797,384837,16,1
107404,462,460332,21,1
110352,582,208385,25,1
23883,818,183261,26,1
26320,417,336453,24,1
28534,758,491766,14,1
46983,581,214420,25,1
74095,351,119565,6,1
87271,488,446449,16,1
59991,797,192097,22,1
17048,647,136009,18,1
53909,323,291708,2,1
113303,680,353314,16,1
87802,447,179298,11,1
99435,387,448739,9,1
81055,432,341002,1,1
27426,707,140445,9,1
64415,744,290508,19,1
22051,787,54501,1,1
91799,779,495426,4,1
43423,649,457322,20,1
89499,692,438414,0,1
57538,588,147047,29,1
110491,436,290649,12,1
42118,376,190212,15,1
52586,724,143119,20,1
98334,502,385569,5,1
88580,754,190253,3,1
101628,546,60305,13,0
16925,702,301304,4,1
105196,594,115497,28,1
22258,782,365971,6,1
67111,360,325247,25,1
118100,349,392956,28,1
52318,784,233203,18,1
29255,383,135440,18,1
96785,693,363061,0,1
15873,637,459731,4,1
100387,474,261007,24,1
26062,566,345236,24,1
100367,591,209819,9,1
39156,591,234304,12,1
54899,422,275557,6,1
72339,645,370350,19,1
27562,336,364063,2,1
26194,800,159982,16,1
116614,501,303646,22,1
27977,381,311099,25,1
28129,614,198290,22,1
85328,822,300471,0,1
32234,838,268574,12,1
94904,666,416115,26,1
64058,831,185248,8,1
63946,312,397529,28,1
101830,331,195861,27,1
90675,616,327534,2,1
118532,326,421312,23,1
108088,442,376688,19,1
73810,426,328186,8,1
45290,591,449403,14,1
37229,706,222715,19,1
26384,696,138310,7,1
37015,384,12862,13,0
41680,350,348009,18,1
106344,701,110042,27,1
47331,498,263110,28,1
88977,477,261331,5,1
110543,369,153388,22,1
82544,616,236463,27,1
72396,344,486318,0,1
67260,432,456162,25,1
119756,725,414332,25,1
24498,475,350756,0,1
16798,561,164028,6,1
30069,544,255853,4,1
81174,841,141553,11,1
33324,807,473701,14,1
65952,456,413498,9,1
20718,313,116678,16,1
87361,336,284473,23,1
79312,690,391274,8,1
27402,517,135956,20,1
35238,374,176149,27,1
80236,367,239302,4,1
83546,673,67444,18,0
87886,514,124721,1,1
88545,703,162130,9,1
94845,705,58762,2,0
101889,808,21294,27,0
76950,601,401201,11,1
28769,564,69750,0,1
16697,701,474472,11,1
92725,574,252484,22,1
35971,673,295006,21,1
77613,666,291727,18,1
79870,716,266835,14,1
55423,594,292737,11,1
55288,323,280307,14,1
64272,401,382956,13,1
52709,470,62629,0,1
78125,407,236573,1,1
16085,733,39939,6,1
67449,658,307688,24,1
42948,604,118672,12,1
117847,432,24635,29,0
15503,301,476801,11,1
25081,504,375250,16,1
33359,821,60610,6,1
103274,689,367784,0,1
99132,608,91796,7,1
106469,469,216259,7,1
40014,585,97365,11,1
26971,388,201241,2,1
113133,720,85348,21,0
81547,556,267804,24,1
115729,543,331261,10,1
91719,458,274707,6,1
64274,685,209270,18,1
25644,814,325190,17,1
115969,752,489701,0,1
72571,426,450272,18,1
70743,312,139071,27,1
35023,511,170320,25,1
21984,556,196068,29,1
27057,615,245542,20,1
60562,793,144340,4,1
106621,313,420642,15,1
95671,356,447609,26,1
31652,508,103462,7,1
58888,839,207746,17,1
40838,649,82646,5,1
49965,834,489976,13,1
84812,745,434877,2,1
64792,395,65411,21,1
46685,450,54138,19,1
59133,388,315276,15,1
106652,482,265258,29,1
99191,454,327399,22,1
77371,399,471580,9,1
51934,493,94640,27,1
110888,420,439946,0,1
106384,681,60575,8,0
67683,786,346518,15,1
47222,841,346111,24,1
28310,449,205241,25,1
83106,799,14677,9,0
83801,738,142649,29,1
102207,312,324887,9,1
34292,317,106793,29,1
51205,457,108446,22,1
84711,303,380519,3,1
38758,827,297257,1,1
81075,838,366050,6,1
60588,685,269202,12,1
64265,504,123496,6,1
46815,322,445971,4,1
28765,760,351154,18,1
23346,785,377973,3,1
74601,801,243324,23,1
106288,808,478131,10,1
59549,577,477056,22,1
116410,837,265374,7,1
84977,331,61464,29,0
67638,581,148377,6,1
82781,366,216021,26,1
54708,472,298958,12,1
46558,627,197083,24,1
50879,369,43177,16,0
89168,420,347977,13,1
92886,345,48321,16,0
95092,671,345355,4,1
55769,777,217837,18,1
62902,755,9058,1,0
79393,698,434804,12,1
75900,629,340249,14,1
119643,780,364774,23,1
101146,446,392623,2,1
24086,683,123072,13,1
69128,440,154902,0,1
79543,502,239621,2,1
28741,767,371014,5,1
95370,603,65834,10,0
26171,658,460345,15,1
44704,721,143880,6,1
24991,478,94429,11,1
15231,732,87115,18,1
101458,340,340499,8,1
110063,317,331098,5,1
96165,801,52701,3,0
85516,637,76273,27,0
107364,564,101001,27,1
76799,434,410085,11,1
24999,467,249159,9,1
80427,328,422075,25,1
28754,711,350800,6,1
80526,789,483776,26,1
78623,407,266233,7,1
48941,695,7271,23,0
44813,526,370720,6,1
87613,761,150442,11,1
44996,523,309421,29,1
70208,497,290200,25,1
70606,675,443741,19,1
72479,798,389653,1,1
54519,381,283390,24,1
21603,359,129046,18,1
76190,523,358077,25,1
60485,321,404045,2,1
31146,409,11028,20,0
65667,366,185159,2,1
68235,743,185422,1,1
98344,564,79452,29,0
67507,348,296658,22,1
46921,395,193081,12,1
44429,451,394940,22,1
50167,573,258329,13,1
68875,366,486021,0,1
32794,392,224988,12,1
98221,794,312185,27,1
93185,720,193886,18,1
21809,779,29215,4,1
72804,371,30325,20,0
85565,432,439223,6,1
98653,670,266680,24,1
93786,430,76058,24,0
71879,781,274959,23,1
28407,611,272091,4,1
100056,562,91854,9,1
92196,617,494339,0,1
94078,446,432542,12,1
88873,636,200083,29,1
38915,560,234160,21,1
69781,764,475819,15,1
78093,576,389107,9,1
86195,394,178215,17,1
46201,552,340960,27,1
97820,364,473305,10,1
78972,423,29477,27,0
35973,667,297738,19,1
118088,792,14624,4,0
52979,700,335535,11,1
86809,610,176000,20,1
40349,459,217786,20,1
41004,491,281486,16,1
39832,498,361796,29,1
90107,595,88376,6,1
68503,366,342450,10,1
53228,738,132416,26,1
17978,751,90814,15,1
43699,390,309813,28,1
105697,723,441983,5,1
29538,724,208078,16,1
111237,504,449831,10,1
105310,761,322899,29,1
84677,403,294968,29,1
62775,534,106521,24,1
90171,587,10377,21,0
36677,783,409085,25,1
54994,420,255973,24,1
72956,552,245175,5,1
81758,534,71737,27,0
64382,314,484608,20,1
101038,821,355246,23,1
47919,419,291219,18,1
21342,397,498893,11,1
35570,334,6466,15,0
92666,567,424742,16,1
113612,766,344651,4,1
46670,532,92234,18,1
26266,724,62175,11,1
54511,433,405397,17,1
36467,558,241687,27,1
67616,737,403799,4,1
16890,447,377783,18,1
108393,781,378640,10,1
63754,431,407017,4,1
105699,479,323348,9,1
105558,818,396254,22,1
25169,599,191261,25,1
75112,801,51644,2,0
49993,827,362828,7,1
69432,393,59838,11,1
98205,793,383406,9,1
31228,783,97640,16,1
63824,396,16576,7,0
47831,494,95422,1,1
29410,692,442956,0,1
58072,457,77558,26,1
87345,759,454916,8,1
51513,798,279012,21,1
35278,419,305356,11,1
25258,652,330081,2,1
99387,337,21018,21,0
78889,594,98667,20,1
117318,723,429694,22,1
53380,410,343431,15,1
28527,357,467477,17,1
51267,314,433343,18,1
20091,729,167526,13,1
103973,639,218112,1,1
41503,306,414780,12,1
69977,358,463831,4,1
67424,606,463097,15,1
109342,364,249148,21,1
85621,481,38934,20,0
56930,832,150478,0,1
71418,519,402090,29,1
50674,601,61645,16,1
101329,581,235233,14,1
89715,816,446664,2,1
17182,654,219563,12,1
68749,838,242359,21,1
86380,508,257547,25,1
92122,602,219921,13,1
91640,648,396942,20,1
117461,467,102900,15,1
102829,544,452119,6,1
20299,463,203518,19,1
43343,808,62832,1,1
34629,829,73575,20,1
113360,523,293794,16,1
108992,715,64017,17,0
119608,395,499770,19,1
111406,564,245229,13,1
105005,620,30338,13,0
106415,542,498491,25,1
114648,836,496644,18,1
92790,709,274908,14,1
16067,743,453909,16,1
114271,823,147445,1,1
75657,366,151928,22,1
35769,436,169601,26,1
83549,553,211605,7,1
104974,690,196308,3,1
70765,375,400700,15,1
103824,666,497995,19,1
55447,378,283328,25,1
109089,754,457997,26,1
36208,327,342637,12,1
86841,675,296269,21,1
98057,300,427009,28,1
119846,314,368937,22,1
75669,526,253743,13,1
31534,468,359938,29,1
112768,314,336235,21,1
48429,677,254434,17,1
51707,514,110529,27,1
59464,512,296398,15,1
52172,378,406651,29,1
88121,307,427103,9,1
49385,755,377577,10,1
80154,502,380373,5,1
88233,314,186355,11,1
70771,458,232582,3,1
32207,680,332408,3,1
42727,454,189187,13,1
29084,724,139338,8,1
105672,673,214941,20,1
17679,322,425557,18,1
107013,598,77131,27,0
84331,310,498493,13,1
42925,553,191927,14,1
37264,748,171958,1,1
19046,787,123042,2,1
90158,789,487179,15,1
115069,727,198863,5,1
67447,836,271417,14,1
52826,372,272001,3,1
107392,839,325796,27,1
113866,434,408237,8,1
104384,585,480207,28,1
90960,417,424523,18,1
101215,356,47331,24,0
95331,404,42045,11,0
48317,671,81127,1,1
83363,548,98912,17,1
100971,354,492333,10,1
73958,709,51849,24,0
112765,528,46190,17,0
46224,327,225735,4,1
62539,412,216199,12,1
32004,402,479897,22,1
22694,757,414051,17,1
115965,717,27990,28,0
73960,500,441422,21,1
33307,604,396162,25,1
19872,365,94777,25,1
35975,553,172341,28,1
52792,733,409713,15,1
74876,571,298746,19,1
89538,704,478989,10,1
31903,806,102229,17,1
48910,805,267090,3,1
82567,782,368230,21,1
118722,765,427973,26,1
103492,417,112708,18,1
37645,517,287911,2,1
61520,428,169115,22,1
65083,767,348588,4,1
31817,482,369224,11,1
33962,455,215703,21,1
66040,371,289047,29,1
25623,415,245528,10,1
51104,698,290390,13,1
41128,721,157207,17,1
87513,397,40092,1,0
21926,765,281353,29,1
71155,464,99269,7,1
31951,336,70017,2,1
90397,693,287332,14,1
26775,408,390967,7,1
83158,795,410579,20,1
70402,766,300881,9,1
18050,539,129786,3,1
42691,596,161508,10,1
100317,490,202552,12,1
64295,630,333870,9,1
97524,799,89745,24,1
29434,385,16664,3,0
63384,439,36810,2,0
42296,580,444554,7,1
65796,608,484691,14,1
26667,794,5171,8,0
68976,680,354074,4,1
21440,307,436782,25,1
86698,847,395935,13,1
69118,814,280310,9,1
60956,617,187111,19,1
61101,619,252054,23,1
57442,497,488475,19,1
80061,521,317420,3,1
113169,809,125668,28,1
104524,379,176658,15,1
24132,550,50918,17,1
81653,684,236719,7,1
28786,684,464964,9,1
17171,717,151324,20,1
23398,520,172473,25,1
27099,706,192132,6,1
77870,483,162212,27,1
59198,675,68964,20,1
105900,753,274564,29,1
113167,538,125729,7,1
85923,815,6683,24,0
45551,376,391637,13,1
106479,478,474282,28,1
36730,686,248244,17,1
75507,317,121350,21,1
82235,405,287755,7,1
88038,585,436204,14,1
32376,786,494503,17,1
94764,595,235572,29,1
70693,473,472313,22,1
31770,443,409866,13,1
53608,635,401430,6,1
93149,467,254568,17,1
102839,712,198020,11,1
23800,587,427051,23,1
19532,371,11256,26,0
79361,724,485411,15,1
117341,805,19902,5,0
61360,555,113702,4,1
94978,311,351095,25,1
81535,545,318942,16,1
77666,464,303695,15,1
24706,353,7923,0,0
81373,301,256409,6,1
41480,842,359714,4,1
107899,699,156971,24,1
83753,549,122519,29,1
71309,423,276122,17,1
60468,495,362839,1,1
23139,564,486545,9,1
24201,482,163927,3,1
28174,794,218714,11,1
114467,532,16796,26,0
111664,710,394770,28,1
86998,401,447740,20,1
90609,786,16388,24,0
97243,548,391991,11,1
108049,373,96640,16,1
108059,509,120400,18,1
39488,438,324173,27,1
24360,509,8913,17,0
50139,678,125063,0,1
81385,757,114252,26,1
71731,606,217009,29,1
105360,768,230720,11,1
112253,479,450423,1,1
53749,371,285602,22,1
17646,813,422170,10,1
22845,615,208489,2,1
69063,725,400781,26,1
24858,349,385051,9,1
42327,684,412517,15,1
97046,704,375339,16,1
98108,663,404718,5,1
114192,387,497453,20,1
68206,389,403250,20,1
95405,725,71881,18,0
43067,308,232677,4,1
45287,839,454742,19,1
56187,652,495793,13,1
81186,362,375352,8,1
41368,333,227408,4,1
78497,507,166450,26,1
83955,795,411281,29,1
66408,330,86050,21,1
104247,349,290495,13,1
103227,445,315176,26,1
61900,676,233517,20,1
92016,661,366757,9,1
117385,840,345831,6,1
51165,779,352222,28,1
113101,326,496568,10,1
52927,529,29874,13,0
48832,590,417704,15,1
104404,706,268609,21,1
71955,733,255423,21,1
34094,822,310134,25,1
76024,692,197438,21,1
72215,534,361469,14,1
53183,815,68282,22,1
78122,309,415371,28,1
102711,475,158510,22,1
117651,765,30168,9,0
36358,490,106240,7,1
15631,647,441370,3,1
21020,611,281220,6,1
45464,604,210746,10,1
82517,660,40127,1,0
91750,689,29668,24,0
97418,618,57952,28,0
76822,709,288228,1,1
77741,556,221367,16,1
59167,813,5292,22,0
40481,501,382163,21,1
114961,779,467133,1,1
87360,394,396556,0,1
109029,329,465382,21,1
54604,409,466849,2,1
19301,464,403245,22,1
60420,352,355718,1,1
47860,439,157216,24,1
64584,310,427205,7,1
88581,614,499156,3,1
71250,633,310549,0,1
42686,770,242193,22,1
70808,612,187135,6,1
89555,361,403008,3,1
64914,800,34725,7,0
95700,543,346739,28,1
52859,656,24401,23,0
20225,619,264041,6,1
63849,670,103661,3,1
43705,361,111499,29,1
102170,691,139573,13,1
68549,493,452143,11,1
115425,651,165834,20,1
46198,724,195877,15,1
44960,617,416942,8,1
105958,582,160763,5,1
91756,504,447635,22,1
48521,491,40555,24,0
112240,806,17582,26,0
15671,673,337802,26,1
83903,792,81115,12,1
87976,654,416186,4,1
30292,326,335360,27,1
93691,514,423450,16,1
28583,805,295037,29,1
59577,476,136339,13,1
116480,699,273118,11,1
103589,390,149700,15,1
54409,441,112267,15,1
50236,381,366040,28,1
36179,833,349149,25,1
49391,685,271207,5,1
101033,566,214867,24,1
43151,577,82314,2,1
91061,579,233630,12,1
21147,462,175181,28,1
103388,417,386862,27,1
109983,603,300478,20,1
105243,552,429950,21,1
119651,379,231885,1,1
77268,808,8746,23,0
119491,811,90435,2,1
31720,406,95788,19,1
98822,360,444197,13,1
65760,309,63227,19,1
87387,504,299163,17,1
106573,621,335182,13,1
108321,567,480371,29,1
25134,776,289472,5,1
112589,322,212781,7,1
81918,763,201609,11,1
54941,602,437926,1,1
114769,329,390925,5,1
36473,647,489187,16,1
16433,512,285215,17,1
35802,429,478690,3,1
83583,530,494422,0,1
66977,677,109545,18,1
52702,307,364891,9,1
98246,529,88475,1,1
44363,785,234071,23,1
50379,441,283205,25,1
34762,457,165577,5,1
17910,723,69803,23,1
75005,336,300410,19,1
24528,486,471253,2,1
69106,572,175197,8,1
21085,793,242295,2,1
89823,424,122378,16,1
27664,336,274902,28,1
92729,615,462018,1,1
111207,346,467333,19,1
65415,461,266605,9,1
82790,459,223341,14,1
43170,426,380961,1,1
114135,376,123679,20,1
35573,619,393663,6,1
82732,622,139656,19,1
37505,582,293808,12,1
58462,567,66598,24,1
45091,480,92456,22,1
92478,377,143369,18,1
113183,634,17113,23,0
37783,436,39923,17,0
24722,526,247467,22,1
93246,622,307580,6,1
74533,376,30774,0,0
36408,424,463811,3,1
99804,794,120181,0,1
16129,485,388276,20,1
90047,847,49687,8,0
63833,546,66849,10,1
113713,333,499546,25,1
98668,411,402128,16,1
21474,790,256673,13,1
114006,389,40210,19,0
76925,832,228694,8,1
35958,523,58877,16,1
46719,677,424237,8,1
24560,525,173951,3,1
117607,468,71434,5,0
24110,813,40382,20,1
63206,841,276384,28,1
36563,782,153402,18,1
83542,651,37043,16,0
83648,647,141264,6,1
29822,363,322652,17,1
66592,537,305664,26,1
64250,401,118184,7,1
108671,817,87199,28,0
51661,657,245110,7,1
109728,591,398282,11,1
113183,335,305899,28,1
82754,532,72474,25,1
25834,776,422421,0,1
94505,675,354202,23,1
60297,463,164864,9,1
105497,665,314232,8,1
102063,627,134829,13,1
111431,638,419577,25,1
52927,426,204145,18,1
51410,770,13649,12,0
51295,727,13919,10,0
24896,404,143940,4,1
91113,318,34212,26,0
76261,466,485846,4,1
31624,513,199045,25,1
91904,693,192816,5,1
117183,707,114093,12,1
59797,748,287431,25,1
69412,430,360366,29,1
105439,602,38129,12,0
111232,449,44495,9,0
114196,549,195136,26,1
23963,649,295578,0,1
81568,763,348772,18,1
86401,701,377694,24,1
19835,309,446133,21,1
39976,786,196036,3,1
119770,659,421776,27,1
91093,795,28658,10,0
48870,692,247473,10,1
42695,630,204391,20,1
114556,680,179547,9,1
39894,477,447184,23,1
71239,362,216490,25,1
47021,399,402825,16,1
79082,606,417994,6,1
92588,545,224596,25,1
49999,737,416449,2,1
46005,849,443946,1,1
104618,729,93779,29,1
35272,502,381031,29,1
84855,672,499126,16,1
86157,629,46821,0,0
104370,486,275895,15,1
59265,848,365201,11,1
48721,348,328692,4,1
86221,435,332193,29,1
49517,616,101320,13,1
106217,367,106743,20,1
108533,537,169538,5,1
44493,655,195946,1,1
107849,368,19400,25,0
50108,347,265232,3,1
28168,302,414782,15,1
21947,670,343072,5,1
55129,557,91393,2,1
72734,663,90187,1,1
40106,662,304619,0,1
67702,442,284804,19,1
59503,510,422481,20,1
117983,473,289152,17,1
30928,843,73857,26,1
58529,825,253884,21,1
93340,552,234924,24,1
99462,395,478842,26,1
103249,532,221555,3,1
27750,502,165466,16,1
43440,630,359581,24,1
27199,452,159506,24,1
31799,486,275446,25,1
117849,799,338337,12,1
30356,553,280558,18,1
58550,313,293405,9,1
29688,526,159474,8,1
56794,721,297932,11,1
56205,705,196473,1,1
84079,517,32236,4,0
79419,510,322681,12,1
85849,645,9354,0,0
35920,604,409980,23,1
113361,406,274548,29,1
33290,598,9991,26,0
66201,540,92203,19,1
16781,843,146824,21,1
52640,673,285313,27,1
89231,488,12324,19,0
36021,648,21948,17,0
79450,472,25990,25,0
27871,778,208221,3,1
16042,800,327138,16,1
30409,539,7839,9,0
78902,477,89759,21,1
60330,327,103916,10,1
36519,505,239815,5,1
54026,675,417200,25,1
21948,548,299682,3,1
109737,418,194175,29,1
60397,839,441535,25,1
80473,673,111438,7,1
40916,588,108704,26,1
83888,349,38958,17,0
103328,348,214535,15,1
107051,619,105389,13,1
35714,790,260975,25,1
117826,450,126167,18,1
55673,822,88848,8,1
90849,580,184466,3,1
34591,599,219863,14,1
62217,474,172581,10,1
92132,404,182520,7,1
47544,325,160174,20,1
101657,444,473359,0,1
89414,749,329934,0,1
94301,538,353321,21,1
47741,539,322496,20,1
33571,660,137340,8,1
41171,598,291493,13,1
56652,403,22895,23,0
53042,811,155033,12,1
57592,555,412767,17,1
84256,390,306798,7,1
78985,753,419849,5,1
92676,360,214937,14,1
116667,827,380968,11,1
50728,630,203061,29,1
86295,824,191067,15,1
50194,821,421434,0,1
65573,580,266166,27,1
46366,608,99214,10,1
89687,673,279330,15,1
17232,807,136664,12,1
114542,816,160927,19,1
109493,824,380766,8,1
74278,468,281277,7,1
96698,588,232805,26,1
65663,341,328052,6,1
102682,789,479690,6,1
111661,828,139848,11,1
24620,802,374984,29,1
106247,774,343628,11,1
92439,737,496764,20,1
66567,580,200016,8,1
95541,680,18841,11,0
99224,767,438321,13,1
20107,688,391542,26,1
102857,582,477808,3,1
83257,479,234287,9,1
53054,833,375958,5,1
16003,424,351462,2,1
103389,844,234693,14,1
83284,755,225157,8,1
86592,754,82394,8,1
40914,654,41331,5,1
48058,660,62770,17,1
64398,729,251247,3,1
48867,518,63351,29,1
80226,614,421012,1,1
17045,406,162378,27,1
64950,778,307940,7,1
62411,784,266266,28,1
19595,340,142901,19,1
64292,684,178089,10,1
61843,734,139145,25,1
25615,541,429779,27,1
118043,560,322022,29,1
20076,710,133843,29,1
23182,512,192785,23,1
117239,567,49253,10,0
22346,807,361162,14,1
30740,605,348248,21,1
70935,515,25792,17,0
69349,648,290118,9,1
67879,818,294195,19,1
42351,678,122921,12,1
91527,615,297748,5,1
69525,687,118367,22,1
77484,388,100078,20,1
17031,411,493966,5,1
51919,370,152532,29,1
52982,704,313285,8,1
23346,637,336929,20,1
51138,592,498574,28,1
50464,689,224408,1,1
75430,310,41762,1,0
66827,641,119163,25,1
70830,440,76960,3,1
76034,438,58198,2,1
109437,461,58114,18,0
82419,379,328374,29,1
74061,339,255769,14,1
34472,422,479846,20,1
116648,439,205985,28,1
20078,304,223291,16,1
34766,784,62737,21,1
89506,751,226443,23,1
111216,361,134640,2,1
82227,460,469463,26,1
111738,783,407987,26,1
80827,489,224554,10,1
16352,305,351586,3,1
41389,347,442389,3,1
83841,448,182604,0,1
111255,321,136769,0,1
26541,544,303608,17,1
73743,350,347529,24,1
40262,486,261942,14,1
58753,511,388340,4,1
54012,420,146782,11,1
39635,739,138861,13,1
37687,315,253295,22,1
36324,806,132878,20,1
38284,839,174392,1,1
109507,305,163277,1,1
110085,531,414738,3,1
35588,615,308109,18,1
116515,470,473887,4,1
40078,352,280984,28,1
102763,393,407220,18,1
69913,554,236917,27,1
56988,771,231903,27,1
107929,465,152263,16,1
93571,749,219649,9,1
44992,746,224331,13,1
57952,599,174218,3,1
20526,477,67075,20,1
31163,363,128372,1,1
119914,829,279348,17,1
92037,457,453949,10,1
99235,768,257510,18,1
68470,410,358941,10,1
40446,442,60180,11,1
42527,490,369830,23,1
52568,483,425169,2,1
57533,767,290787,13,1
82287,787,148885,13,1
19019,423,235027,0,1
107200,818,197176,13,1
62489,775,367260,10,1
76410,805,279149,4,1
74889,781,446209,23,1
19113,669,190585,0,1
23180,693,133675,26,1
75587,463,278668,10,1
70572,537,174675,7,1
103778,728,141145,9,1
117489,519,105590,17,1
25532,832,97808,0,1
17236,687,253084,28,1
83777,544,11405,26,0
57998,833,275685,29,1
81615,499,229312,11,1
26640,481,319720,13,1
70498,783,387319,2,1
62867,402,470684,25,1
16757,750,38141,19,1
51851,617,484588,18,1
118298,336,115611,2,1
92443,768,5491,13,0
34470,547,288479,14,1
84883,686,425244,11,1
43978,660,320489,6,1
40445,558,388238,20,1
108044,329,40022,14,0
107705,722,204130,22,1
51114,721,49198,16,0
105856,791,466303,28,1
34195,744,495713,27,1
72608,415,116691,29,1
85750,466,365638,9,1
93984,553,161708,26,1
87773,561,409643,6,1
41109,353,385844,23,1
47502,490,331176,3,1
21382,826,357989,12,1
59742,669,345606,16,1
59957,599,20930,20,0
111915,328,19715,9,0
80351,379,248828,3,1
53379,359,106134,27,1
68681,725,247857,15,1
105291,641,23627,29,0
90647,370,5795,18,0
37688,322,123853,0,1
30026,351,221171,11,1
58946,782,119840,11,1
103705,554,129966,19,1
89715,835,478959,1,1
36660,477,266945,7,1
85964,442,226551,14,1
25463,372,318076,15,1
92905,617,140729,0,1
80273,379,81180,14,1
30096,372,103636,2,1
84390,701,474920,8,1
115291,741,331174,19,1
81668,414,278721,14,1
51680,302,290085,8,1
107140,785,428461,21,1
32183,378,112278,23,1
50479,567,150803,14,1
69142,646,464093,28,1
60707,820,352608,11,1
111049,395,271891,21,1
76757,725,126827,6,1
66765,629,61162,2,1
65374,584,262058,24,1
111459,802,151958,20,1
92483,338,82792,23,1
52566,768,31706,4,0
37444,555,372086,19,1
68750,454,324018,7,1
22118,589,247996,8,1
62078,575,170173,12,1
54202,597,130104,22,1
104999,367,28886,22,0
69270,370,183334,23,1
66496,346,490110,2,1
117970,847,388417,26,1
87573,692,153096,13,1
20184,758,368044,9,1
49982,307,449227,0,1
74831,609,413700,6,1
89478,699,446798,2,1
84882,328,435594,17,1
65298,313,499260,5,1
18274,596,114998,17,1
76036,673,129004,16,1
70564,604,288167,12,1
31382,423,258861,21,1
45480,839,15381,25,0
110567,764,297864,16,1
22870,323,165564,14,1
101913,660,39452,23,0
45649,691,362393,20,1
17582,308,218912,1,1
115198,615,171058,8,1
100699,591,114643,5,1
83110,634,241105,6,1
31705,757,479140,28,1
80613,350,232070,28,1
85341,549,499524,3,1
103507,350,133861,8,1
15112,316,494379,14,1
20362,715,52215,9,1
59757,744,496088,17,1
83298,571,425433,11,1
76237,620,261223,13,1
100391,711,318299,10,1
16590,612,434463,11,1
39168,625,14707,15,0
89936,797,44929,5,0
25758,522,117474,18,1
84008,478,428634,18,1
28520,559,267567,28,1
109135,508,50413,11,0
22481,548,449588,7,1
33050,649,322901,23,1
34516,576,242787,17,1
15320,407,359724,4,1
100355,809,181039,14,1
74119,606,443597,7,1
52433,629,170245,19,1
53811,654,327628,29,1
101949,838,202554,19,1
83578,369,396297,29,1
52898,822,459099,12,1
45832,521,401040,14,1
109988,594,176120,28,1
70400,373,227246,6,1
103164,367,303634,17,1
119921,343,239367,23,1
103117,569,199873,26,1
102613,616,188614,1,1
107921,645,252781,3,1
61881,779,343937,22,1
114554,555,436279,1,1
24047,451,426774,3,1
53490,406,125265,18,1
113054,410,416113,22,1
60700,743,297919,18,1
33739,534,140360,5,1
58063,664,38083,17,0
71669,519,180240,1,1
44589,333,195586,16,1
77558,318,335627,12,1
50774,374,455318,21,1
78610,329,248603,18,1
49444,833,339648,19,1
67614,745,66036,9,1
48488,524,479863,6,1
87925,835,435072,28,1
15165,507,403858,23,1
20960,376,498329,13,1
49603,696,364781,0,1
90013,599,74601,2,1
40858,795,497339,5,1
24832,524,126603,16,1
98037,775,100626,19,1
89576,509,72899,27,0
57153,803,143489,24,1
45038,389,356245,0,1
90443,597,331744,1,1
113279,316,162919,25,1
63118,314,55652,11,1
26691,408,30618,10,1
112086,846,76569,15,0
81629,325,177832,10,1
61230,847,429760,9,1
24555,751,103865,6,1
99209,797,370663,16,1
84109,640,342050,11,1
45116,341,326744,3,1
99266,734,167527,5,1
24716,443,286297,28,1
78439,535,405211,1,1
57243,426,259709,5,1
65488,699,254155,15,1
88765,744,340452,13,1
90341,759,172908,26,1
84580,789,182015,15,1
47536,350,215392,0,1
98814,348,265844,27,1
119870,687,300232,1,1
71896,613,181185,25,1
84612,838,496851,15,1
69237,426,170930,5,1
48045,764,481979,7,1
45092,537,325304,15,1
119604,727,377239,5,1
71694,336,197843,20,1
37440,799,434581,4,1
51898,574,390448,12,1
119264,796,182182,4,1
81300,473,132456,25,1
81365,473,462972,10,1
103272,585,381834,23,1
60045,374,319934,14,1
100009,393,382561,21,1
116815,514,71847,7,0
77747,428,461064,19,1
47341,691,453872,17,1
52162,372,212896,8,1
26445,397,287507,14,1
117683,467,347710,11,1
117139,553,342211,20,1
24109,472,44989,13,1
85739,713,82184,18,1
33940,765,312016,16,1
30193,537,375832,25,1
88547,818,268844,3,1
61823,334,30786,7,0
54927,593,172692,22,1
39062,602,416041,3,1
116453,307,356732,26,1
21604,578,481515,10,1
96183,419,314308,3,1
84193,391,495334,20,1
109861,686,355372,17,1
84389,682,135286,9,1
98322,531,319284,24,1
70323,376,15667,24,0
34433,760,440792,11,1
101110,379,318554,13,1
98390,376,34015,18,0
37523,780,121400,28,1
51905,754,126886,28,1
18876,738,496088,13,1
102199,358,339919,18,1
39759,471,296956,23,1
24700,495,57999,10,1
90136,656,200111,11,1
45354,502,379663,0,1
96695,314,128953,14,1
109560,535,497198,8,1
73458,668,184897,12,1
100160,844,221988,14,1
51725,511,175345,23,1
88209,513,285592,7,1
31359,330,251692,11,1
91534,395,370516,4,1
31087,494,394961,20,1
15082,839,10599,7,0
96497,361,281193,29,1
60585,523,50971,11,1
43394,617,21498,2,0
34604,485,312062,19,1
23648,485,337362,24,1
25801,834,96451,9,1
64464,785,225176,19,1
102506,803,437167,27,1
33521,569,389417,6,1
114265,435,361373,10,1
68257,368,412675,15,1
111539,543,228315,3,1
52170,765,62478,15,1
38934,779,285746,3,1
20203,790,326991,12,1
40508,407,93397,5,1
34463,830,181918,27,1
108070,304,74828,21,0
59316,737,121251,13,1
119316,405,147175,6,1
100875,555,264653,13,1
33543,389,399986,1,1
28442,776,211935,6,1
41168,785,488598,4,1
60533,810,439978,25,1
35348,331,147542,0,1
26498,565,281779,0,1
104056,590,321732,10,1
70460,410,175300,16,1
27022,577,76168,8,1
94077,389,216893,6,1
18409,439,483024,7,1
19314,361,137345,29,1
75430,680,279936,19,1
75809,722,8390,15,0
46915,785,225172,5,1
26485,567,20091,21,0
86359,398,111337,15,1
54530,682,441203,16,1
56498,722,286238,23,1
31989,539,199972,22,1
32218,359,131773,21,1
82650,521,186037,3,1
98560,570,471640,13,1
32676,336,352767,16,1
38740,709,192145,21,1
91358,689,298055,9,1
17122,597,403858,1,1
92492,463,213635,28,1
43728,773,254747,3,1
106600,333,396561,23,1
74269,635,22497,17,0
45787,820,448328,6,1
60282,574,435840,21,1
31105,370,463044,9,1
47459,422,463023,8,1
117656,466,483283,29,1
117027,829,22459,29,0
109355,531,302175,2,1
36810,691,245931,17,1
50866,828,351662,13,1
35844,719,485341,14,1
81953,670,352603,29,1
99612,514,281083,22,1
80134,544,83117,25,1
53327,632,385918,14,1
25613,818,137562,25,1
43586,830,370148,19,1
88965,713,340001,18,1
95677,569,179673,9,1
23494,533,396712,23,1
109451,508,281718,0,1
119597,605,13458,3,0
28066,500,494127,25,1
29909,535,476402,18,1
70693,473,90135,13,1
57150,443,411859,28,1
100209,575,439305,1,1
23991,679,97987,25,1
39553,599,421934,21,1
84336,622,456653,17,1
44050,586,452692,21,1
110814,320,256770,20,1
40927,635,114425,11,1
113661,425,437379,15,1
71811,666,308032,21,1
112446,751,494021,0,1
119199,721,322495,5,1
58698,461,219410,5,1
114267,553,178405,26,1
109309,824,387743,9,1
32322,313,37875,22,1
24483,830,479113,10,1
118887,557,430775,24,1
98720,553,41028,10,0
52778,589,453409,3,1
71391,590,158403,16,1
59154,663,396945,10,1
61667,455,177625,7,1
82358,379,89849,25,1
90559,629,499269,10,1
31763,524,48595,10,1
62583,449,320098,22,1
85110,476,91306,25,1
77827,737,419659,0,1
112975,667,60981,12,0
68064,476,24428,9,0
68896,777,39368,3,0
46972,373,436487,18,1
48278,711,22468,12,0
87611,651,345957,5,1
78570,458,30104,20,0
80773,714,20181,18,0
100130,569,400402,28,1
70649,360,35901,4,0
98005,590,401640,10,1
21326,302,170912,16,1
94945,697,159436,16,1
99736,678,205304,7,1
75219,604,23024,15,0
73416,392,68279,24,1
79795,718,91569,27,1
106967,745,57923,14,0
99322,633,173118,1,1
50428,337,31176,1,0
90747,793,267010,1,1
93002,361,192141,7,1
62695,321,248618,18,1
107184,437,137617,0,1
40782,547,275129,27,1
65627,384,62324,19,1
114732,749,52897,3,0
75198,357,134765,9,1
31614,650,428152,9,1
118917,530,372221,22,1
22972,836,218753,17,1
40442,425,499225,4,1
77207,662,360080,13,1
75597,306,13620,14,0
62105,809,457763,25,1
23781,677,79095,5,1
65879,395,15672,5,0
60087,811,326650,10,1
33615,356,332870,17,1
15357,707,94139,16,1
76957,611,441541,25,1
73844,744,390089,11,1
18201,377,312056,7,1
15667,504,472482,24,1
18453,741,476592,10,1
76066,711,447350,17,1
76155,530,278718,13,1
80127,707,489478,10,1
82834,623,434331,25,1
37344,757,251177,11,1
53755,665,367142,23,1
96399,530,14649,14,0
89028,460,112230,10,1
88393,704,416661,13,1
62007,635,368302,21,1
39942,737,489952,0,1
104235,748,358105,11,1
59376,307,315750,4,1
94345,680,292624,14,1
99511,649,272995,15,1
16138,639,307912,22,1
27860,623,335954,15,1
66831,340,43882,1,0
95532,575,333846,8,1
63427,498,181862,8,1
59218,616,349726,4,1
61293,332,492388,0,1
112442,764,70310,19,0
94481,807,442029,7,1
31392,338,372237,8,1
98266,358,104830,20,1
44210,435,47586,3,1
83250,652,399973,17,1
72406,839,415957,25,1
46198,513,5952,21,0
17703,756,466533,20,1
61256,512,347388,14,1
63331,833,398490,21,1
103886,663,124337,26,1
30815,401,133653,6,1
34540,800,148226,24,1
27758,513,311403,12,1
81558,741,236318,8,1
87969,404,490549,5,1
32378,508,13777,27,0
113175,472,380327,21,1
99891,783,222153,26,1
96745,778,82967,1,1
54404,673,110455,19,1
89319,628,235061,21,1
97259,641,356242,10,1
28099,452,288581,28,1
18436,393,462320,6,1
35154,771,219147,25,1
45915,683,211400,22,1
50993,612,470021,1,1
58635,768,117724,22,1
63935,455,321824,18,1
96102,412,19702,3,0
84643,345,221426,1,1
54314,541,249477,29,1
33742,595,419783,19,1
119293,394,116966,2,1
94127,614,313546,22,1
52544,359,252659,28,1
22759,501,287835,9,1
107732,585,452354,1,1
77895,840,177488,17,1
107544,467,58552,14,0
50243,368,62232,26,1
25116,548,167905,27,1
44398,559,483106,11,1
66293,697,106314,10,1
59020,830,328505,14,1
16038,726,306482,9,1
38142,595,131765,4,1
30709,732,114499,18,1
119423,412,178978,7,1
83650,674,448821,6,1
76153,349,339603,27,1
19240,572,262584,28,1
35114,722,229990,19,1
21742,665,358817,21,1
55715,770,117051,25,1
43394,764,335627,3,1
50464,584,38442,14,0
119253,682,171206,14,1
71254,721,69306,6,1
44785,842,268497,13,1
44068,637,125530,13,1
105915,521,359240,8,1
89680,688,315303,21,1
52640,838,275341,23,1
101292,515,189437,10,1
56715,820,326729,29,1
69666,487,400524,7,1
24094,334,297660,8,1
27149,480,324487,11,1
52756,798,31985,26,0
61188,397,495331,2,1
41679,776,423625,7,1
35983,385,338518,0,1
43150,517,133133,10,1
38234,606,488611,6,1
59027,732,174119,23,1
111396,784,255305,29,1
51349,746,73640,21,1
108394,719,190866,29,1
82355,405,126336,23,1
61767,734,411537,28,1
43194,421,280777,28,1
105526,383,43497,26,0
103109,377,255634,1,1
52330,759,389043,28,1
20659,305,456388,19,1
52144,437,156051,17,1
63732,487,45746,21,0
52299,378,291545,11,1
16907,472,74849,10,1
20534,670,10622,5,0
54735,425,231521,17,1
88593,742,258621,10,1
43023,398,365598,27,1
94265,394,116695,26,1
19513,439,90669,16,1
60673,547,148353,26,1
42911,618,492357,3,1
32227,762,380316,22,1
15367,825,23247,26,0
67182,357,268354,18,1
97004,582,117258,8,1
28789,698,469034,4,1
61710,426,465633,20,1
15191,670,5501,24,0
44895,542,171357,22,1
75288,805,38163,2,0
116217,637,277151,29,1
38785,472,103731,24,1
61891,414,396857,4,1
34367,675,94239,16,1
50842,621,366164,14,1
15366,555,492316,7,1
118401,508,375006,22,1
45704,621,341615,18,1
114760,750,437459,10,1
18911,579,499414,5,1
96548,332,448888,14,1
96967,750,90794,21,1
46969,568,311283,11,1
28412,510,484459,3,1
16687,773,465812,23,1
119612,609,413623,13,1
82598,512,199717,7,1
60301,552,401528,24,1
91078,802,402662,3,1
47886,773,384104,0,1
63481,455,25255,29,0
103391,773,23250,17,0
97292,449,211995,13,1
109489,327,348620,11,1
86882,304,189284,6,1
18282,438,237287,25,1
117404,530,195572,19,1
110750,698,298893,0,1
19932,457,112610,11,1
95067,554,464811,26,1
73336,594,128075,6,1
52425,830,493027,27,1
76963,545,353032,9,1
103929,442,421063,14,1
67392,774,122210,7,1
108604,638,461035,21,1
86735,718,407597,22,1
73052,648,301875,23,1
100775,581,415064,15,1
35194,454,143904,5,1
103472,503,288716,0,1
96340,417,457056,25,1
33979,612,124284,7,1
90089,371,70059,8,1
54884,807,254346,16,1
90636,831,144744,11,1
76426,729,112234,12,1
72615,321,359686,1,1
66125,447,158983,7,1
54607,605,384871,0,1
32748,491,136087,15,1
83626,368,121375,26,1
73325,646,379397,10,1
113556,428,452453,3,1
41300,785,305621,24,1
62638,682,124715,10,1
68521,596,24149,29,0
112845,663,74675,2,0
87292,632,8154,17,0
60165,414,418552,18,1
16339,656,438426,0,1
16350,633,302600,19,1
100757,426,324897,0,1
22767,726,245871,7,1
96244,521,343261,1,1
89196,471,428688,11,1
62281,665,485238,2,1
23733,513,258688,14,1
20032,387,413161,26,1
25057,544,358770,23,1
90265,669,46602,12,0
52691,494,41167,20,0
92179,319,96115,29,1
76403,363,429615,26,1
119872,624,454662,4,1
55253,665,260556,20,1
78613,317,439129,25,1
21433,632,114780,5,1
31247,416,314939,3,1
26559,333,371772,9,1
17085,619,9208,1,0
73592,795,445621,4,1
100864,791,90754,28,0
62739,301,240417,8,1
68444,411,253065,23,1
43917,442,454204,9,1
78573,440,365516,11,1
47068,738,39116,13,0
60514,542,146608,18,1
72094,565,79054,12,1
73140,755,282685,18,1
102619,825,32219,2,0
99457,342,408942,18,1
37361,823,134947,21,1
32713,430,114336,29,1
99236,796,378175,13,1
15647,593,405914,22,1
69693,417,198724,3,1
97627,396,286247,12,1
32944,725,338538,1,1
57585,342,123992,1,1
56008,400,147317,3,1
30541,395,195349,15,1
56410,779,205490,18,1
32469,577,445347,13,1
72117,337,115183,6,1
38363,563,218172,7,1
28548,478,494915,4,1
48611,563,432799,29,1
112806,453,492742,12,1
119468,584,378140,23,1
86156,788,151814,5,1
30213,636,359121,16,1
94187,567,117238,19,1
72615,419,61926,6,1
83854,415,277202,22,1
71987,376,260302,6,1
37018,550,31693,18,0
50663,802,187548,11,1
47421,439,176807,12,1
59072,389,443771,15,1
72498,804,252681,27,1
47457,801,193388,3,1
118839,416,354543,16,1
78035,719,330375,8,1
60195,830,358526,21,1
40175,546,331461,29,1
40752,668,47870,16,1
88264,555,386738,16,1
18168,612,489403,14,1
59035,483,447380,20,1
97839,705,441291,21,1
40798,555,187354,12,1
16855,642,302138,0,1
27008,470,140340,29,1
69797,425,104080,0,1
47150,718,364093,15,1
52858,722,188573,6,1
111210,373,51689,2,0
25157,719,322971,9,1
86893,604,365556,22,1
60863,751,439113,24,1
38610,570,403555,9,1
51748,813,191280,7,1
97166,641,130746,11,1
19059,467,391171,4,1
98854,803,480557,20,1
107857,837,153828,19,1
112333,320,134520,20,1
46168,728,307466,14,1
41329,343,462367,2,1
101023,697,141503,23,1
85431,421,235249,4,1
63527,658,11437,4,0
61492,447,396547,22,1
56635,838,361570,17,1
108196,571,308776,24,1
71029,846,185677,12,1
110657,767,153714,1,1
56968,723,115657,6,1
43985,395,398007,19,1
93322,752,107163,10,1
63517,675,220370,7,1
78149,763,484822,26,1
22468,417,456116,21,1
41118,479,351342,15,1
112999,843,342281,11,1
22616,798,36634,11,1
26858,786,387328,4,1
93771,571,187644,14,1
58158,413,63626,10,1
26271,317,245773,8,1
60030,818,367957,13,1
41924,586,359210,13,1
55738,517,370234,29,1
99585,518,327628,15,1
90395,702,312813,28,1
32410,583,124351,22,1
93742,644,282637,29,1
42048,490,141673,19,1
84937,763,243605,1,1
32492,437,443015,19,1
107656,449,232449,5,1
68048,830,318072,29,1
85221,827,25495,17,0
96578,828,66314,3,0
28516,441,151096,9,1
35050,395,233312,20,1
78541,302,212923,13,1
84234,611,420563,0,1
41801,481,399493,26,1
82571,620,84088,21,1
115107,444,21704,1,0
44535,477,374906,19,1
31157,831,102680,24,1
52238,399,141111,20,1
31515,828,368742,23,1
63137,363,130749,1,1
102665,579,381386,15,1
90994,597,299628,2,1
17068,326,470640,2,1
95259,568,138985,10,1
22218,393,399087,1,1
58381,430,289770,6,1
40447,365,150591,27,1
107386,806,171090,26,1
103430,792,146680,23,1
63073,616,229360,23,1
74449,488,482416,23,1
114729,507,146046,4,1
36073,473,442920,6,1
86854,387,115050,22,1
77064,446,57786,27,0
107332,694,413323,22,1
117950,329,18248,11,0
55390,481,269274,10,1
40015,337,304573,14,1
101842,349,404354,7,1
15807,585,342489,18,1
54013,753,335179,27,1
36325,719,348465,24,1
65266,636,384492,26,1
29470,641,67950,21,1
69465,829,234934,13,1
98412,489,418429,3,1
94752,847,468868,23,1
68029,691,428051,25,1
67770,422,25428,27,0
102964,777,480266,19,1
40493,645,58033,0,1
26023,495,210133,28,1
105163,652,279874,9,1
88051,644,444994,21,1
47189,773,101619,9,1
118299,517,365497,6,1
49100,821,47740,27,0
114652,824,91691,17,0
20857,793,184400,10,1
83190,324,201198,13,1
69936,846,248442,19,1
75677,734,204688,22,1
85588,771,469972,20,1
112409,809,166482,2,1
72398,441,351353,10,1
98947,354,25737,5,0
43274,455,205533,13,1
91810,544,125407,11,1
111027,801,406635,0,1
26756,643,486549,0,1
36486,562,440702,25,1
107432,723,206409,20,1
74580,498,142293,6,1
86503,614,415138,23,1
20620,381,159994,24,1
22720,415,159582,9,1
70623,703,27699,14,0
84213,739,294930,3,1
17785,399,277060,0,1
43357,754,145305,6,1
97931,613,19001,3,0
92660,672,163908,27,1
41985,710,89694,22,1
69414,576,148242,18,1
60038,514,165659,18,1
67591,726,170445,13,1
16190,409,14747,7,0
41044,782,263863,8,1
23677,384,216459,2,1
15997,496,297548,16,1
40814,764,10275,13,0
43040,654,221326,20,1
29366,575,128206,7,1
73219,581,176189,28,1
20121,344,324447,12,1
109252,558,137106,11,1
35029,617,232726,4,1
41061,309,212836,21,1
30663,399,29735,11,1
84026,703,202539,17,1
83922,471,448701,8,1
109080,396,26284,4,0
54492,383,301573,23,1
74060,487,133979,23,1
58605,709,234351,0,1
29656,495,262683,10,1
69824,788,444353,9,1
102211,674,248526,12,1
